id,area,sqft,bedrooms,bathrooms,age_years,parking,floor,price_inr
H1000,Kothrud,1131,2,2,12,1,15,3742000
H1001,Hadapsar,1567,2,2,19,1,17,3638000
H1002,Hadapsar,1346,2,2,7,1,14,3610000
H1003,Aundh,1375,3,2,12,1,3,4474000
H1004,Baner,1061,2,2,5,1,1,3683000
H1005,Baner,1820,3,2,12,1,6,6265000
H1006,Wakad,1096,2,2,5,1,6,3460000
H1007,Wakad,1155,2,1,3,0,6,2817000
H1008,Aundh,930,2,2,2,1,16,2810000
H1009,Viman Nagar,1097,2,2,15,1,12,3388000
H1010,Baner,1037,2,2,6,1,3,3531000
H1011,Wakad,1010,3,3,5,0,8,3205000
H1012,Kothrud,1345,2,2,8,1,14,4553000
H1013,Kothrud,1542,4,3,8,1,7,4809000
H1014,Wakad,950,1,1,0,1,2,2797000
H1015,Hadapsar,1639,3,3,13,1,5,3902000
H1016,Hadapsar,995,2,2,15,1,8,2370000
H1017,Aundh,2112,4,4,6,1,16,7541000
H1018,Baner,1255,2,1,23,1,18,3349000
H1019,Hadapsar,1398,3,2,7,1,0,3600000
H1020,Hadapsar,1201,3,2,4,0,17,2887000
H1021,Kothrud,907,2,2,3,0,6,2459000
H1022,Kothrud,1646,3,2,3,0,13,5410000
H1023,Hadapsar,662,1,1,5,0,2,1370000
H1024,Wakad,1991,3,2,2,0,5,5592000
H1025,Kothrud,1806,4,3,11,0,8,4969000
H1026,Kothrud,1041,1,1,5,0,12,3219000
H1027,Wakad,1621,3,2,19,1,0,4060000
H1028,Wakad,1573,2,2,6,1,18,4199000
H1029,Hadapsar,1546,4,2,9,1,9,3587000
H1030,Baner,1133,2,2,11,0,12,3202000
H1031,Baner,1765,4,3,17,1,4,6460000
H1032,Kothrud,1136,3,3,9,1,0,3875000
H1033,Aundh,676,1,1,5,0,0,2163000
H1034,Viman Nagar,837,1,1,10,0,2,1841000
H1035,Kothrud,1044,3,1,0,1,11,3482000
H1036,Kothrud,1390,3,2,13,0,10,3577000
H1037,Baner,1312,2,2,14,0,15,3182000
H1038,Wakad,1262,3,2,3,1,2,3611000
H1039,Wakad,1414,3,2,7,0,2,3864000
H1040,Aundh,1641,4,3,5,1,13,5081000
H1041,Aundh,1114,2,2,2,0,4,3595000
H1042,Baner,1229,2,2,12,1,12,4226000
H1043,Aundh,1675,3,3,19,1,11,4746000
H1044,Baner,2155,3,2,0,1,10,8168000
H1045,Viman Nagar,951,2,2,0,0,3,3720000
H1046,Hadapsar,661,2,1,6,1,11,1735000
H1047,Hadapsar,947,1,1,19,0,8,1815000
H1048,Kothrud,1587,3,3,18,1,5,4536000
H1049,Wakad,1213,2,1,9,1,3,2951000
H1050,Kothrud,1008,2,1,1,0,6,3137000
H1051,Viman Nagar,1492,3,2,10,1,18,4453000
H1052,Aundh,1267,3,2,7,1,13,3924000
H1053,Aundh,1157,2,2,16,0,13,2954000
H1054,Viman Nagar,1164,2,2,16,0,1,3510000
H1055,Wakad,1301,3,2,10,1,9,3133000
H1056,Hadapsar,2293,5,4,10,0,3,6148000
H1057,Viman Nagar,1738,3,2,7,1,0,5015000
H1058,Hadapsar,457,1,1,6,0,18,1051000
H1059,Baner,1100,3,3,3,1,10,4309000
H1060,Hadapsar,990,2,2,8,1,3,2801000
H1061,Hadapsar,1704,4,3,6,1,7,4112000
H1062,Wakad,1675,4,4,10,0,3,4225000
H1063,Wakad,1032,1,1,15,0,11,2286000
H1064,Kothrud,1308,3,2,1,1,5,4300000
H1065,Wakad,1260,2,2,20,0,2,2560000
H1066,Kothrud,978,2,1,4,1,1,2700000
H1067,Kothrud,1054,2,2,6,1,14,2803000
H1068,Kothrud,1272,2,1,6,1,0,3621000
H1069,Aundh,1126,2,2,5,1,16,3271000
H1070,Aundh,412,1,1,13,1,4,1044000
H1071,Wakad,1433,2,1,29,0,8,2478000
H1072,Aundh,1509,3,2,8,0,13,4777000
H1073,Aundh,956,2,2,25,1,16,2448000
H1074,Wakad,450,1,1,4,0,11,1147000
H1075,Wakad,1202,3,2,10,0,8,3065000
H1076,Aundh,1445,2,1,18,1,10,4591000
H1077,Baner,2038,5,4,11,1,9,7367000
H1078,Viman Nagar,1072,3,2,9,0,2,3548000
H1079,Viman Nagar,1533,3,3,5,0,4,5424000
H1080,Hadapsar,580,2,2,9,0,13,1167000
H1081,Wakad,1408,3,2,0,0,1,3740000
H1082,Baner,1747,4,3,9,1,0,5592000
H1083,Baner,2291,5,4,11,0,10,6821000
H1084,Wakad,1460,3,2,4,1,1,3590000
H1085,Wakad,1276,3,2,2,0,14,3644000
H1086,Aundh,756,2,2,6,0,15,2437000
H1087,Wakad,1278,2,1,27,0,18,2387000
H1088,Aundh,1560,3,3,8,1,12,5727000
H1089,Viman Nagar,743,1,1,5,0,18,2120000
H1090,Viman Nagar,706,1,1,7,1,1,2094000
H1091,Wakad,1610,3,2,4,0,0,3880000
H1092,Aundh,1686,4,3,2,0,11,6370000
H1093,Kothrud,1381,3,2,5,1,4,4524000
H1094,Wakad,1685,3,2,12,1,18,4281000
H1095,Wakad,1211,3,1,4,0,1,2986000
H1096,Viman Nagar,1227,2,2,8,0,15,3543000
H1097,Hadapsar,1190,3,2,2,1,3,3153000
H1098,Wakad,1966,3,2,9,0,15,5155000
H1099,Baner,1058,2,2,16,1,7,3618000
H1100,Hadapsar,380,1,1,6,0,15,888000
H1101,Viman Nagar,938,2,1,4,1,5,3281000
H1102,Hadapsar,1037,2,1,14,0,7,2094000
H1103,Viman Nagar,1127,1,1,14,1,11,3238000
H1104,Hadapsar,1398,3,2,0,1,14,4486000
H1105,Aundh,765,1,1,5,0,18,2116000
H1106,Viman Nagar,1523,3,2,1,0,0,5037000
H1107,Viman Nagar,1136,1,1,9,0,4,3173000
H1108,Aundh,1630,3,3,7,1,12,4929000
H1109,Baner,829,2,2,16,1,18,2912000
H1110,Viman Nagar,1273,2,1,15,0,11,2974000
H1111,Kothrud,1755,4,3,13,0,12,5586000
H1112,Viman Nagar,1433,3,2,6,1,11,4570000
H1113,Hadapsar,781,2,2,9,0,5,1562000
H1114,Wakad,1122,2,1,24,0,5,2110000
H1115,Viman Nagar,380,1,1,16,0,6,676000
H1116,Aundh,1201,2,2,1,1,12,4664000
H1117,Hadapsar,2029,4,3,4,1,11,5684000
H1118,Hadapsar,1349,2,2,21,1,15,2830000
H1119,Kothrud,1560,3,2,19,1,2,4632000
H1120,Baner,1569,3,2,14,1,17,5062000
H1121,Aundh,1426,2,2,18,0,7,3812000
H1122,Wakad,1119,2,2,14,1,14,2947000
H1123,Baner,2357,5,4,17,1,9,8700000
H1124,Baner,1281,2,1,13,1,17,3930000
H1125,Baner,1302,2,2,2,1,14,5076000
H1126,Wakad,1779,3,1,0,0,18,5153000
H1127,Viman Nagar,781,2,2,4,0,0,2249000
H1128,Kothrud,1059,1,1,15,1,17,2300000
H1129,Wakad,606,2,2,15,1,6,1451000
H1130,Viman Nagar,620,1,1,6,1,17,2113000
H1131,Aundh,1321,2,1,8,0,12,4344000
H1132,Viman Nagar,1968,4,4,1,1,11,7339000
H1133,Kothrud,576,1,1,12,1,3,1332000
H1134,Viman Nagar,824,2,2,17,1,15,2371000
H1135,Wakad,897,2,2,14,1,11,2224000
H1136,Viman Nagar,759,1,1,9,0,3,2314000
H1137,Baner,1199,3,2,6,1,16,4543000
H1138,Baner,1948,4,3,2,1,0,6914000
H1139,Aundh,1150,3,3,0,1,7,4194000
H1140,Wakad,1060,2,2,12,0,4,2635000
H1141,Wakad,1142,2,1,2,0,7,3205000
H1142,Wakad,616,2,2,0,1,8,2007000
H1143,Kothrud,1037,2,1,3,1,17,2777000
H1144,Wakad,1274,3,2,12,0,3,3446000
H1145,Hadapsar,1530,2,1,2,1,18,4118000
H1146,Aundh,1191,3,2,2,0,1,4232000
H1147,Aundh,1422,3,2,10,1,8,4397000
H1148,Kothrud,1437,3,2,9,1,8,4105000
H1149,Baner,1994,4,3,13,1,3,6777000
H1150,Wakad,1745,3,3,7,1,3,4891000
H1151,Aundh,1822,4,3,6,1,14,5927000
H1152,Kothrud,1204,3,2,10,1,13,3651000
H1153,Wakad,1260,2,2,8,1,2,3044000
H1154,Aundh,1006,2,2,18,1,4,3001000
H1155,Hadapsar,513,1,1,14,1,14,1048000
H1156,Wakad,1280,3,2,12,1,13,2598000
H1157,Wakad,1213,3,2,5,1,12,2849000
H1158,Aundh,1790,3,2,19,0,8,5259000
H1159,Baner,966,2,1,10,0,14,3039000
H1160,Wakad,1089,2,2,13,0,2,2715000
H1161,Wakad,2175,5,4,8,1,5,5498000
H1162,Viman Nagar,1202,2,1,15,1,3,3175000
H1163,Baner,1573,3,2,2,0,17,5814000
H1164,Baner,930,1,1,10,1,14,2678000
H1165,Hadapsar,849,1,1,12,0,11,1843000
H1166,Baner,1761,4,3,17,0,7,6078000
H1167,Kothrud,787,2,2,5,1,15,2764000
H1168,Hadapsar,1594,3,2,6,1,12,3810000
H1169,Kothrud,1796,3,2,6,0,6,5623000
H1170,Aundh,737,2,2,4,0,11,2361000
H1171,Hadapsar,855,1,1,4,1,0,2142000
H1172,Viman Nagar,1184,2,1,9,0,14,3571000
H1173,Viman Nagar,1113,2,2,21,0,16,3056000
H1174,Hadapsar,1755,4,3,1,1,10,5586000
H1175,Baner,926,2,1,11,0,17,2660000
H1176,Viman Nagar,484,1,1,17,0,14,887000
H1177,Aundh,1343,2,3,16,0,6,3837000
H1178,Viman Nagar,1190,2,1,3,0,3,3916000
H1179,Kothrud,1963,4,3,7,1,3,6523000
H1180,Kothrud,1754,4,3,7,0,14,6144000
H1181,Aundh,980,1,1,7,1,7,2719000
H1182,Wakad,742,2,2,7,0,17,1806000
H1183,Viman Nagar,1608,2,1,14,0,4,4806000
H1184,Kothrud,1603,3,2,8,1,16,5838000
H1185,Wakad,1220,2,2,9,0,4,2896000
H1186,Wakad,1267,2,1,15,1,15,3662000
H1187,Baner,1777,3,2,21,1,7,4798000
H1188,Viman Nagar,911,2,2,19,1,13,2830000
H1189,Hadapsar,1771,3,2,9,0,12,3459000
H1190,Kothrud,1627,3,2,10,1,17,5031000
H1191,Kothrud,1573,3,2,9,1,2,4490000
H1192,Aundh,1548,2,2,11,1,8,5029000
H1193,Hadapsar,1546,4,3,2,0,4,3881000
H1194,Hadapsar,2035,4,3,6,1,8,4725000
H1195,Viman Nagar,737,2,1,11,1,4,2311000
H1196,Baner,882,2,2,6,0,2,3238000
H1197,Viman Nagar,1206,2,2,8,1,0,3745000
H1198,Wakad,1046,2,1,3,1,14,2473000
H1199,Kothrud,2630,5,4,7,0,10,8358000
H1200,Kothrud,1465,3,2,9,0,12,4285000
H1201,Baner,1354,3,2,0,1,11,4465000
H1202,Hadapsar,1333,2,2,3,0,1,3760000
H1203,Aundh,1274,3,2,10,1,12,3298000
H1204,Hadapsar,823,2,2,8,1,2,2173000
H1205,Hadapsar,962,2,2,11,1,5,2508000
H1206,Wakad,1067,2,1,12,0,6,2169000
H1207,Kothrud,1131,2,2,8,0,3,2744000
H1208,Aundh,380,1,1,15,0,6,557000
H1209,Baner,784,2,2,8,1,3,2945000
H1210,Viman Nagar,1787,3,3,12,1,17,6306000
H1211,Viman Nagar,1190,3,2,4,0,3,3250000
H1212,Viman Nagar,1541,3,2,12,1,14,4763000
H1213,Hadapsar,1261,3,2,12,1,15,3151000
H1214,Hadapsar,1397,3,2,6,1,11,3726000
H1215,Hadapsar,466,1,1,5,0,12,1196000
H1216,Viman Nagar,858,1,1,2,1,1,2378000
H1217,Kothrud,1369,2,2,15,1,15,3754000
H1218,Kothrud,510,1,1,11,1,18,1394000
H1219,Baner,1196,3,2,5,1,13,4048000
H1220,Hadapsar,1175,3,2,3,1,10,3665000
H1221,Baner,1401,2,1,2,1,12,5533000
H1222,Kothrud,1642,3,2,7,1,14,4653000
H1223,Aundh,1322,3,3,1,1,15,4239000
H1224,Viman Nagar,1899,4,3,20,1,17,6675000
H1225,Kothrud,1209,2,2,4,1,14,4410000
H1226,Aundh,838,2,1,1,1,4,2381000
H1227,Aundh,1250,2,1,15,0,15,3311000
H1228,Viman Nagar,1576,4,3,22,1,10,4784000
H1229,Hadapsar,693,1,2,1,1,13,2453000
H1230,Wakad,1599,3,2,17,1,11,4032000
H1231,Viman Nagar,1996,4,3,0,1,5,6287000
H1232,Aundh,762,2,1,22,0,0,1546000
H1233,Wakad,932,2,2,6,1,12,2683000
H1234,Hadapsar,992,2,2,12,1,5,2499000
H1235,Kothrud,2213,5,4,2,0,10,6482000
H1236,Aundh,1754,3,2,12,0,15,4975000
H1237,Aundh,830,2,1,0,1,10,2326000
H1238,Hadapsar,1392,2,2,6,1,13,3579000
H1239,Viman Nagar,1258,3,3,10,1,12,4537000
H1240,Aundh,936,2,2,11,1,16,2915000
H1241,Hadapsar,1016,2,2,6,1,18,2992000
H1242,Baner,380,1,1,2,0,0,1514000
H1243,Aundh,989,2,1,15,1,2,2702000
H1244,Kothrud,1123,2,2,4,1,3,3587000
H1245,Kothrud,396,1,1,1,1,1,1702000
H1246,Kothrud,1500,3,2,15,0,12,3959000
H1247,Aundh,1004,2,1,9,1,14,3386000
H1248,Baner,1200,3,3,1,1,1,4495000
H1249,Hadapsar,1768,2,2,19,1,4,4188000
H1250,Hadapsar,736,2,2,18,1,7,1598000
H1251,Hadapsar,380,1,1,3,1,10,1162000
H1252,Kothrud,1149,2,1,15,0,15,2990000
H1253,Wakad,820,2,1,5,1,11,2487000
H1254,Wakad,1583,3,2,12,0,13,3618000
H1255,Viman Nagar,1409,3,2,13,1,10,4206000
H1256,Viman Nagar,491,1,1,10,0,12,1158000
H1257,Aundh,1438,2,1,14,1,16,3688000
H1258,Aundh,1350,2,1,23,0,16,3167000
H1259,Hadapsar,950,1,1,7,0,2,1940000
H1260,Baner,1404,3,2,16,0,12,4173000
H1261,Kothrud,1838,4,3,14,1,17,6273000
H1262,Baner,1376,2,1,3,1,17,4065000
H1263,Wakad,1220,2,1,5,0,12,3077000
H1264,Kothrud,1274,2,2,10,1,14,3527000
H1265,Viman Nagar,1496,3,2,10,1,0,5004000
H1266,Viman Nagar,1763,3,2,11,1,5,5212000
H1267,Aundh,1777,3,1,1,1,18,5879000
H1268,Hadapsar,1016,2,1,0,0,10,2276000
H1269,Aundh,1374,2,1,3,1,2,4318000
H1270,Aundh,648,1,1,23,1,11,1469000
H1271,Aundh,456,2,2,6,1,13,1740000
H1272,Hadapsar,1776,3,3,1,0,17,4643000
H1273,Kothrud,1603,3,2,3,1,3,4779000
H1274,Hadapsar,957,1,1,2,1,8,2742000
H1275,Kothrud,2020,4,3,0,0,1,6161000
H1276,Kothrud,1374,2,2,4,0,18,4452000
H1277,Baner,1219,2,1,2,1,8,3861000
H1278,Wakad,481,1,1,17,0,5,764000
H1279,Wakad,1531,2,2,2,0,7,4391000
H1280,Aundh,1157,2,1,22,1,7,3056000
H1281,Aundh,1914,4,3,10,1,17,6701000
H1282,Aundh,1439,3,2,17,1,16,4706000
H1283,Viman Nagar,1176,2,1,15,0,18,3036000
H1284,Wakad,888,1,1,14,1,17,2056000
H1285,Baner,380,1,1,1,0,0,1454000
H1286,Wakad,529,1,1,0,1,14,1937000
H1287,Wakad,1237,3,2,30,1,9,2241000
H1288,Hadapsar,1170,3,2,13,1,16,2831000
H1289,Wakad,1294,2,2,10,1,13,3241000
H1290,Wakad,1730,4,3,22,1,1,4279000
H1291,Hadapsar,716,1,1,15,1,11,1445000
H1292,Baner,1293,3,2,22,0,0,3959000
H1293,Kothrud,853,1,1,4,0,11,2513000
H1294,Viman Nagar,1705,4,3,18,0,9,5303000
H1295,Kothrud,1583,3,2,3,1,4,4941000
H1296,Hadapsar,810,2,1,21,0,5,1239000
H1297,Wakad,1836,4,3,6,1,7,5438000
H1298,Hadapsar,1668,3,3,6,1,15,4308000
H1299,Aundh,1258,2,1,5,1,14,3785000
H1300,Kothrud,963,3,2,10,1,1,3462000
H1301,Aundh,1365,2,2,1,1,18,4738000
H1302,Viman Nagar,1124,2,1,13,1,6,3200000
H1303,Aundh,865,2,2,15,0,14,2158000
H1304,Kothrud,1425,3,3,0,0,8,4154000
H1305,Wakad,1188,2,2,4,1,4,3162000
H1306,Baner,960,2,2,18,0,10,2742000
H1307,Baner,1203,2,2,3,0,3,3750000
H1308,Baner,1496,3,3,2,1,2,5772000
H1309,Viman Nagar,398,1,1,12,1,11,1146000
H1310,Baner,1277,3,2,12,1,2,3624000
H1311,Hadapsar,2361,4,3,8,1,3,6758000
H1312,Viman Nagar,1193,3,2,11,1,7,3908000
H1313,Viman Nagar,1855,4,3,9,1,8,6854000
H1314,Wakad,389,1,1,7,0,16,919000
H1315,Wakad,758,2,1,3,0,12,1870000
H1316,Wakad,1373,3,2,1,0,8,3968000
H1317,Baner,990,2,1,7,1,4,3546000
H1318,Wakad,2345,4,2,12,0,4,6964000
H1319,Hadapsar,1254,2,1,0,0,13,3483000
H1320,Baner,1477,3,2,9,0,3,4397000
H1321,Baner,1813,4,3,5,0,15,7196000
H1322,Baner,1545,3,3,5,1,0,6259000
H1323,Kothrud,1889,4,3,9,0,1,4846000
H1324,Wakad,1567,3,3,7,1,9,4128000
H1325,Aundh,1079,3,2,21,0,6,2661000
H1326,Kothrud,624,1,1,9,1,7,1814000
H1327,Baner,638,1,1,7,0,10,1788000
H1328,Wakad,1645,3,2,4,1,17,4531000
H1329,Kothrud,1589,3,2,3,1,1,5209000
H1330,Aundh,1148,2,1,10,1,18,3500000
H1331,Wakad,1567,3,2,5,1,4,4721000
H1332,Wakad,1575,4,3,4,0,3,4996000
H1333,Kothrud,1246,3,2,20,1,10,3080000
H1334,Viman Nagar,1858,4,3,6,1,0,6138000
H1335,Viman Nagar,1170,2,2,14,1,11,3520000
H1336,Hadapsar,857,1,1,4,1,18,2121000
H1337,Aundh,1216,2,1,9,1,5,3429000
H1338,Aundh,1413,3,2,4,1,1,3864000
H1339,Kothrud,1278,3,3,6,1,17,5012000
H1340,Wakad,1656,3,2,5,0,4,4310000
H1341,Hadapsar,1051,3,2,10,0,2,2525000
H1342,Wakad,1809,4,3,15,0,16,4375000
H1343,Wakad,903,2,2,18,1,13,2150000
H1344,Kothrud,1271,2,1,8,1,3,3736000
H1345,Kothrud,1430,3,2,5,0,3,3229000
H1346,Baner,2124,4,4,10,1,15,6595000
H1347,Baner,1632,3,3,4,1,5,5951000
H1348,Wakad,1224,2,1,1,1,15,3467000
H1349,Hadapsar,1317,3,2,13,0,9,3573000
H1350,Wakad,1546,2,2,13,0,13,4196000
H1351,Baner,1490,3,2,3,1,18,5272000
H1352,Kothrud,1269,2,2,33,1,2,2866000
H1353,Viman Nagar,1485,3,2,8,0,9,4277000
H1354,Baner,874,1,1,14,0,12,2125000
H1355,Hadapsar,1207,2,1,4,0,14,3253000
H1356,Viman Nagar,1144,2,1,15,1,13,3497000
H1357,Kothrud,1786,3,3,12,1,11,5260000
H1358,Aundh,1201,2,2,10,1,5,3736000
H1359,Hadapsar,1263,2,1,13,1,17,2710000
H1360,Hadapsar,392,1,1,6,1,14,1118000
H1361,Kothrud,1017,2,2,3,1,1,3339000
H1362,Aundh,1088,2,2,24,1,1,2821000
H1363,Kothrud,722,2,1,0,1,2,2532000
H1364,Viman Nagar,726,2,2,19,1,12,2036000
H1365,Wakad,808,2,1,7,0,8,1833000
H1366,Hadapsar,2110,4,3,15,1,9,5053000
H1367,Viman Nagar,1231,2,1,17,0,17,3580000
H1368,Baner,1536,3,3,0,0,7,6064000
H1369,Viman Nagar,1097,2,2,5,0,16,3427000
H1370,Aundh,1233,2,1,5,0,15,3851000
H1371,Aundh,2341,4,3,19,0,16,6435000
H1372,Viman Nagar,1333,3,3,9,1,17,4671000
H1373,Baner,800,1,1,4,0,9,2761000
H1374,Wakad,1309,3,2,12,1,12,3904000
H1375,Baner,1299,3,3,11,1,13,4188000
H1376,Wakad,1684,3,2,3,1,11,5383000
H1377,Baner,945,2,1,2,0,5,3253000
H1378,Hadapsar,1394,3,2,10,0,6,3168000
H1379,Aundh,1275,3,2,1,1,4,4353000
H1380,Kothrud,1803,4,3,15,1,7,4725000
H1381,Hadapsar,1953,4,3,9,1,18,4936000
H1382,Kothrud,1104,2,2,14,0,4,2577000
H1383,Aundh,918,2,1,8,0,9,2655000
H1384,Aundh,1703,3,2,15,1,14,4827000
H1385,Baner,1981,4,3,14,1,12,7000000
H1386,Baner,875,1,1,6,1,14,3204000
H1387,Wakad,936,2,1,5,1,11,2674000
H1388,Hadapsar,1081,3,2,9,1,8,2678000
H1389,Kothrud,534,1,1,17,1,4,1152000
H1390,Hadapsar,1899,4,3,2,1,0,4719000
H1391,Kothrud,1105,3,3,9,1,3,3806000
H1392,Aundh,1480,3,2,17,0,5,3936000
H1393,Hadapsar,1524,3,2,17,0,16,3139000
H1394,Baner,1743,3,2,5,1,8,6556000
H1395,Kothrud,1251,3,3,18,1,5,3379000
H1396,Kothrud,1329,2,1,21,1,15,2965000
H1397,Viman Nagar,383,1,1,1,1,0,1574000
H1398,Wakad,1326,2,1,15,1,5,2946000
H1399,Viman Nagar,1252,2,1,11,1,14,3133000
H1400,Aundh,1027,2,2,4,0,13,3727000
H1401,Baner,882,3,2,5,1,8,2925000
H1402,Hadapsar,814,2,2,2,1,0,2534000
H1403,Baner,1415,3,2,6,1,16,5044000
H1404,Viman Nagar,883,1,1,10,1,8,2984000
H1405,Aundh,1559,3,2,18,1,6,4057000
H1406,Viman Nagar,380,1,1,18,0,7,571000
H1407,Viman Nagar,1007,2,1,9,0,5,2153000
H1408,Baner,1848,3,2,3,1,12,6416000
H1409,Wakad,1418,3,2,1,0,2,3912000
H1410,Aundh,1299,3,1,3,1,7,3548000
H1411,Kothrud,1747,3,3,2,1,14,6014000
H1412,Baner,538,1,1,23,1,13,1213000
H1413,Viman Nagar,1381,3,2,14,1,13,3940000
H1414,Hadapsar,890,2,2,26,1,18,1761000
H1415,Aundh,1564,3,2,19,0,14,4556000
H1416,Hadapsar,1357,3,2,6,0,2,3910000
H1417,Wakad,1361,3,2,4,0,16,3463000
H1418,Viman Nagar,1053,3,2,12,1,14,3280000
H1419,Wakad,1352,3,2,19,0,7,3264000
H1420,Hadapsar,1728,4,4,5,1,0,5391000
H1421,Kothrud,1007,1,1,3,1,2,3266000
H1422,Hadapsar,1644,4,4,5,1,11,4554000
H1423,Aundh,921,1,1,22,1,15,2106000
H1424,Baner,1082,2,2,18,0,10,3245000
H1425,Hadapsar,1417,3,2,3,0,7,3917000
H1426,Viman Nagar,908,1,1,16,1,0,3276000
H1427,Kothrud,1033,2,2,8,0,0,3306000
H1428,Kothrud,1556,2,1,10,1,18,3579000
H1429,Wakad,1021,2,1,6,1,16,2919000
H1430,Wakad,1744,3,2,8,1,13,4912000
H1431,Hadapsar,859,1,1,9,1,6,1990000
H1432,Aundh,2490,4,3,16,1,5,8007000
H1433,Wakad,1558,3,2,1,0,1,3891000
H1434,Viman Nagar,657,1,1,11,1,17,1917000
H1435,Baner,1409,4,3,8,0,8,5264000
H1436,Aundh,1531,3,2,2,1,18,5187000
H1437,Kothrud,1532,4,3,8,1,15,4779000
H1438,Hadapsar,1065,2,2,1,0,1,3243000
H1439,Hadapsar,1453,3,3,5,0,16,3678000
H1440,Hadapsar,1112,2,2,21,1,1,2710000
H1441,Viman Nagar,1297,3,2,6,0,6,4147000
H1442,Kothrud,380,1,1,9,1,15,1114000
H1443,Baner,1029,2,2,24,0,8,2331000
H1444,Aundh,1237,2,1,8,1,14,3228000
H1445,Hadapsar,1259,3,2,10,0,9,3049000
H1446,Baner,1567,3,2,24,1,15,4312000
H1447,Aundh,1028,2,2,8,1,8,3551000
H1448,Aundh,1597,4,3,6,1,6,5248000
H1449,Aundh,1429,3,2,2,1,0,4878000
H1450,Kothrud,1197,3,3,6,0,0,3839000
H1451,Aundh,970,2,2,2,1,4,3542000
H1452,Baner,1327,3,3,5,1,14,4926000
H1453,Aundh,1421,2,2,10,1,11,4198000
H1454,Baner,1598,4,3,0,1,11,6533000
H1455,Aundh,637,1,1,4,1,16,2071000
H1456,Hadapsar,1289,2,2,0,0,15,3131000
H1457,Baner,1336,3,2,15,1,6,4415000
H1458,Kothrud,1022,2,1,14,0,8,2972000
H1459,Viman Nagar,1658,3,2,1,1,9,6125000
H1460,Hadapsar,484,1,1,13,1,1,965000
H1461,Kothrud,548,1,1,13,1,12,1617000
H1462,Baner,765,2,2,2,0,10,3231000
H1463,Hadapsar,996,2,2,20,0,12,1883000
H1464,Aundh,1447,3,3,31,0,6,3889000
H1465,Kothrud,1564,3,2,20,0,8,4235000
H1466,Aundh,1071,3,2,4,0,15,4210000
H1467,Viman Nagar,1536,3,3,2,1,7,4767000
H1468,Aundh,1298,2,1,13,1,18,3252000
H1469,Kothrud,1347,3,2,11,0,11,3399000
H1470,Aundh,1007,2,2,12,1,12,3004000
H1471,Baner,1374,3,2,9,1,7,5348000
H1472,Hadapsar,968,2,1,0,1,12,2658000
H1473,Wakad,1311,3,2,12,1,12,3480000
H1474,Hadapsar,1023,2,1,21,1,12,2044000
H1475,Viman Nagar,854,1,1,16,0,16,2078000
H1476,Hadapsar,657,1,1,10,0,6,1267000
H1477,Hadapsar,1376,3,2,4,1,5,3751000
H1478,Kothrud,979,2,1,12,1,13,2450000
H1479,Hadapsar,758,1,1,8,1,5,1834000
H1480,Baner,1742,3,2,1,1,2,6800000
H1481,Hadapsar,1343,2,1,6,0,9,2919000
H1482,Hadapsar,1821,4,3,13,0,11,4126000
H1483,Baner,1208,2,2,9,1,1,3999000
H1484,Viman Nagar,1546,3,2,17,1,0,4245000
H1485,Kothrud,1274,3,2,5,0,6,3534000
H1486,Viman Nagar,1103,3,3,7,0,13,4127000
H1487,Aundh,1581,4,3,7,1,7,5138000
H1488,Wakad,1623,3,2,8,1,9,4323000
H1489,Aundh,1098,2,2,10,1,8,3309000
H1490,Aundh,1271,3,3,12,1,6,4401000
H1491,Wakad,912,2,2,9,1,16,2770000
H1492,Aundh,983,1,1,5,1,8,2851000
H1493,Hadapsar,1231,3,3,1,0,16,2988000
H1494,Hadapsar,380,1,1,18,1,14,583000
H1495,Aundh,570,1,1,11,1,5,1715000
H1496,Aundh,1146,2,2,0,0,7,4237000
H1497,Kothrud,1429,3,2,13,1,12,4247000
H1498,Viman Nagar,471,1,1,10,1,11,1328000
H1499,Wakad,1161,2,2,2,0,16,2976000
H1500,Kothrud,1254,2,1,4,1,6,3927000
H1501,Hadapsar,1579,4,3,9,0,7,4351000
H1502,Hadapsar,1121,2,2,19,1,14,2549000
H1503,Wakad,1049,2,1,9,1,11,2296000
H1504,Kothrud,1074,1,1,11,1,15,3368000
H1505,Viman Nagar,1673,3,3,3,1,9,5588000
H1506,Baner,600,1,1,4,0,12,2133000
H1507,Wakad,1014,2,1,14,1,4,2222000
H1508,Aundh,1673,4,3,14,0,2,5469000
H1509,Aundh,1076,2,2,1,1,17,3891000
H1510,Viman Nagar,1678,4,3,4,1,7,6082000
H1511,Kothrud,1298,2,1,11,1,2,3427000
H1512,Wakad,1339,3,3,15,0,13,2877000
H1513,Wakad,1405,2,2,4,0,16,3363000
H1514,Baner,1623,4,3,8,0,13,5575000
H1515,Kothrud,917,1,1,15,1,11,2589000
H1516,Hadapsar,1628,3,2,11,1,6,4287000
H1517,Kothrud,1844,3,3,9,1,12,6214000
H1518,Kothrud,1281,3,3,6,1,15,4647000
H1519,Baner,380,1,1,10,1,12,1228000
H1520,Hadapsar,1239,3,1,7,0,10,2591000
H1521,Hadapsar,1024,2,2,7,1,13,3051000
H1522,Kothrud,1524,2,1,7,0,9,4878000
H1523,Baner,1471,2,1,2,1,18,5237000
H1524,Hadapsar,960,2,2,17,0,18,2168000
H1525,Kothrud,1425,3,2,7,0,11,3973000
H1526,Viman Nagar,550,1,1,10,1,12,1596000
H1527,Aundh,800,1,1,5,1,12,2544000
H1528,Baner,2234,4,3,2,1,13,8354000
H1529,Kothrud,1073,2,2,14,1,15,3010000
H1530,Kothrud,1980,4,3,7,0,1,5626000
H1531,Aundh,1592,4,3,11,1,3,4502000
H1532,Hadapsar,1390,3,2,5,1,12,3103000
H1533,Aundh,836,2,2,9,1,15,2523000
H1534,Kothrud,1402,3,3,22,1,4,3318000
H1535,Viman Nagar,1072,2,2,2,1,11,4194000
H1536,Hadapsar,1290,3,2,16,0,2,2835000
H1537,Viman Nagar,817,2,2,23,1,1,1972000
H1538,Baner,1549,4,3,30,1,7,4300000
H1539,Kothrud,1418,3,3,8,1,0,5284000
H1540,Aundh,1018,1,1,18,1,12,2900000
H1541,Wakad,1911,4,3,10,1,11,5648000
H1542,Baner,1274,3,2,5,1,0,4686000
H1543,Aundh,965,2,1,16,1,16,2576000
H1544,Hadapsar,1021,2,2,7,1,0,2992000
H1545,Wakad,1696,4,3,3,1,7,5175000
H1546,Hadapsar,1375,2,2,1,1,11,3540000
H1547,Kothrud,1141,2,1,1,1,0,3149000
H1548,Aundh,1675,3,2,3,0,0,4923000
H1549,Viman Nagar,1168,3,3,20,1,7,3627000
H1550,Hadapsar,1889,3,2,3,1,14,4874000
H1551,Aundh,2097,5,3,21,0,13,5816000
H1552,Baner,1575,3,2,20,0,0,4446000
H1553,Hadapsar,838,2,1,17,1,15,2106000
H1554,Wakad,1438,2,2,6,0,16,3968000
H1555,Baner,1823,3,2,8,1,16,6186000
H1556,Aundh,950,2,2,1,1,4,3182000
H1557,Viman Nagar,1284,2,2,7,1,7,4209000
H1558,Aundh,1734,4,3,11,1,1,5561000
H1559,Hadapsar,996,2,1,9,0,8,2298000
H1560,Aundh,1173,2,1,11,1,8,2853000
H1561,Viman Nagar,516,1,1,7,1,7,1699000
H1562,Baner,1499,3,2,4,1,0,6265000
H1563,Baner,525,1,1,1,1,15,1899000
H1564,Hadapsar,1120,3,2,3,0,17,3216000
H1565,Kothrud,1882,4,3,18,0,8,5386000
H1566,Wakad,1163,2,1,14,1,6,2838000
H1567,Wakad,1652,3,2,2,0,10,4898000
H1568,Baner,779,2,1,19,1,11,2162000
H1569,Aundh,1091,1,1,3,1,5,3146000
H1570,Wakad,1041,2,2,9,1,7,3025000
H1571,Kothrud,1111,3,2,2,1,14,4185000
H1572,Viman Nagar,738,1,1,4,1,12,2497000
H1573,Viman Nagar,398,1,1,8,1,4,1156000
H1574,Hadapsar,1202,2,2,4,0,2,2861000
H1575,Baner,925,2,2,16,1,13,3123000
H1576,Wakad,1749,3,2,5,1,16,4623000
H1577,Viman Nagar,756,2,1,5,0,15,2306000
H1578,Baner,718,1,1,10,1,12,2275000
H1579,Viman Nagar,1400,3,2,19,1,9,4165000
H1580,Baner,1395,3,2,11,1,0,5337000
H1581,Wakad,1572,3,2,13,0,5,4039000
H1582,Aundh,1202,2,2,8,0,13,3928000
H1583,Hadapsar,1415,3,3,29,0,0,3020000
H1584,Aundh,1880,3,3,15,0,16,4859000
H1585,Viman Nagar,1276,3,2,9,1,4,3748000
H1586,Baner,1474,2,1,8,1,10,4588000
H1587,Aundh,1478,3,2,12,0,5,4286000
H1588,Aundh,1563,3,2,9,0,18,4730000
H1589,Kothrud,749,1,1,35,0,17,837000
H1590,Kothrud,1572,2,1,7,0,6,4038000
H1591,Wakad,430,1,1,20,0,3,563000
H1592,Wakad,1207,2,1,9,1,3,3173000
H1593,Kothrud,665,2,2,17,0,6,1348000
H1594,Baner,1024,2,2,19,0,13,3070000
H1595,Wakad,1376,3,2,9,1,8,3622000
H1596,Aundh,1426,2,1,15,1,14,3855000
H1597,Baner,1921,3,2,24,1,10,5153000
H1598,Baner,580,1,1,5,1,0,2174000
H1599,Wakad,396,1,1,4,1,6,1222000
